<?xml version="1.0" encoding="UTF-8"?>
<jcr:root xmlns:sling="http://sling.apache.org/jcr/sling/1.0" xmlns:cq="http://www.day.com/jcr/cq/1.0" xmlns:jcr="http://www.jcp.org/jcr/1.0" xmlns:mix="http://www.jcp.org/jcr/mix/1.0" xmlns:nt="http://www.jcp.org/jcr/nt/1.0" xmlns:rep="internal"
    jcr:mixinTypes="[rep:CugMixin]"
    jcr:primaryType="cq:Page">
    <jcr:content
        cq:lastModified="{Date}2019-05-01T06:21:12.549Z"
        cq:lastModifiedBy="sapient-tarun"
        cq:lastReplicated="{Date}2019-05-03T05:15:44.336Z"
        cq:lastReplicatedBy="sapient-tarun"
        cq:lastReplicationAction="Activate"
        cq:template="/conf/customerhub/settings/wcm/templates/dashboard-page"
        jcr:isCheckedOut="{Boolean}true"
        jcr:mixinTypes="[mix:versionable]"
        jcr:primaryType="cq:PageContent"
        jcr:title="Dashboard"
        jcr:uuid="a86ca17a-2e62-4b02-a980-1a884d3c504d"
        sling:resourceType="customerhub/components/structure/page"
        iconClass="icon-Dashboard">
        <root
            jcr:primaryType="nt:unstructured"
            sling:resourceType="wcm/foundation/components/responsivegrid">
            <responsivegrid_622605362/>
            <responsivegrid
                jcr:primaryType="nt:unstructured"
                sling:resourceType="wcm/foundation/components/responsivegrid">
                <reference/>
                <orderingcard
                    jcr:created="{Date}2019-03-07T16:30:14.718Z"
                    jcr:createdBy="sapient-user"
                    jcr:lastModified="{Date}2019-05-01T06:21:12.545Z"
                    jcr:lastModifiedBy="sapient-tarun"
                    jcr:mixinTypes="[rep:AccessControllable]"
                    jcr:primaryType="nt:unstructured"
                    sling:resourceType="customerhub/components/content/orderingcard"
                    allOrdersI18n="cuhu.orderingcard.another.Order"
                    allOrdersLink="/content/tetrapak/customerhub/en/ordering/order-history"
                    closeBtnI18n="cuhu.orderingcard.pref.Close"
                    dataErrorI18n="cuhu.orderingcard.dataError"
                    noDataI18n="cuhu.orderingcard.no.data"
                    orderDetailLink="/content/tetrapak/customerhub/en/ordering/order-history/order-details"
                    preferencesBtnI18n="cuhu.orderingcard.ButtonKey"
                    preferencesDescriptionI18n="cuhu.orderingcard.Preferences.Desc"
                    preferencesTitleI18n="cuhu.orderingcard.Preferences.title"
                    saveErrorI18n="cuhu.orderingcard.Errorkey"
                    saveSettingsI18n="cuhu.orderingcard.pref.Save"
                    titleI18n="Orders">
                    <rep:policy/>
                </orderingcard>
                <reference1/>
            </responsivegrid>
        </root>
    </jcr:content>
</jcr:root>
