<?xml version="1.0" encoding="UTF-8"?>
<jcr:root xmlns:cq="http://www.day.com/jcr/cq/1.0" xmlns:jcr="http://www.jcp.org/jcr/1.0" xmlns:rep="internal"
    jcr:mixinTypes="[rep:AccessControllable]"
    jcr:primaryType="cq:Page">
    <jcr:content/>
    <dashboard/>
    <installed-equipment/>
    <package-design/>
    <ordering/>
    <parts-inventory/>
    <financials/>
    <training/>
    <projects/>
    <contact/>
    <about-my-tetra-pak/>
    <logout/>
    <Documents/>
    <testingNav/>
    <error/>
    <rep:policy/>
</jcr:root>
